site,site_type,zone,survey_date,transect,quadrat
REC_01,INCIP,Deep,2024-08-26,1,28
REC_01,INCIP,Deep,2024-08-26,1,26
REC_01,INCIP,Deep,2024-08-26,2,13
REC_01,INCIP,Deep,2024-08-26,2,11
REC_03,INCIP,Deep,2024-07-02,1,28
REC_10,FOR,Shallow,2024-06-17,2,13
REC_10,FOR,Shallow,2024-06-17,2,11
REC_10,FOR,Shallow,2024-06-17,1,28
REC_10,FOR,Shallow,2024-06-17,1,26
REC_10,FOR,Deep,2021-06-17,4,24
REC_10,FOR,Deep,2021-06-17,4,22
REC_10,FOR,Deep,2021-06-17,3,9
REC_10,FOR,Deep,2021-06-17,3,7
REC_10,FOR,Deep,2021-06-17,1,24
REC_10,FOR,Deep,2021-06-17,1,22
REC_10,FOR,Deep,2021-06-17,4,28
REC_10,FOR,Deep,2021-06-17,4,26
REC_10,FOR,Deep,2021-06-17,3,13
REC_10,FOR,Deep,2021-06-17,3,11
REC_10,FOR,Deep,2021-06-17,1,28
REC_10,FOR,Deep,2021-06-17,1,26
REC_10,FOR,Deep,2021-06-17,2,13
